Name,Team,Position,Salary
Clayton Kershaw,Los Angeles Dodgers,Pitcher,"$33,000,000 "
Zack Greinke,Arizona Diamondbacks,Pitcher,"$31,799,030 "
David Price,Boston Red Sox,Pitcher,"$30,000,000 "
Miguel Cabrera,Detroit Tigers,First baseman,"$28,000,000 "
Justin Verlander,Detroit Tigers,Pitcher,"$28,000,000 "
Yoenis Cespedes,New York Mets,Outfielder,"$27,328,046 "
Felix Hernandez,Seattle Mariners,Pitcher,"$25,857,143 "
Albert Pujols,Los Angeles Angels,First baseman,"$25,000,000 "
Jon Lester,Chicago Cubs,Pitcher,"$25,000,000 "
CC Sabathia,New York Yankees,Pitcher,"$25,000,000 "
Robinson Cano,Seattle Mariners,Second baseman,"$24,000,000 "
Mark Teixeira,New York Yankees,First baseman,"$23,125,000 "
Joe Mauer,Minnesota Twins,First baseman,"$23,000,000 "
Hanley Ramirez,Boston Red Sox,First baseman,"$22,750,000 "
Cole Hamels,Texas Rangers,Pitcher,"$22,500,000 "
Max Scherzer,Washington Nationals,Pitcher,"$22,142,857 "
Justin Upton,Detroit Tigers,Outfielder,"$22,125,000 "
Masahiro Tanaka,New York Yankees,Pitcher,"$22,000,000 "
Jose Reyes,Toronto Blue Jays,Shortstop,"$22,000,000 "
Jacoby Ellsbury,New York Yankees,Outfielder,"$21,857,142 "
Jayson Werth,Washington Nationals,Outfielder,"$21,733,615 "
Matt Kemp,San Diego Padres,Outfielder,"$21,500,000 "
Chris Davis,Baltimore Orioles,First baseman,"$21,268,890 "
James Shields,San Diego Padres,Pitcher,"$21,250,000 "
Adrian Gonzalez,Los Angeles Dodgers,First baseman,"$21,000,000 "
Buster Posey,San Francisco Giants,Catcher,"$20,777,778 "
C.J. Wilson,Los Angeles Angels,Pitcher,"$20,500,000 "
Jered Weaver,Los Angeles Angels,Pitcher,"$20,200,000 "
Rick Porcello,Boston Red Sox,Pitcher,"$20,125,000 "
Joey Votto,Cincinnati Reds,First baseman,"$20,000,000 "
Troy Tulowitzki,Toronto Blue Jays,Shortstop,"$20,000,000 "
Shin-Soo Choo,Texas Rangers,Outfielder,"$20,000,000 "
Jason Heyward,Chicago Cubs,Outfielder,"$19,555,288 "
Wade Davis,Chicago Cubs,Pitcher,"$19,555,288 "
Adam Wainwright,St. Louis Cardinals,Pitcher,"$19,500,000 "
David Wright,New York Mets,Third baseman,"$19,364,801 "
Ryan Braun,Milwaukee Brewers,Outfielder,"$19,315,013 "
Hunter Pence,San Francisco Giants,Outfielder,"$18,700,000 "
Jordan Zimmermann,Detroit Tigers,Pitcher,"$18,000,000 "
Homer Bailey,Cincinnati Reds,Pitcher,"$18,000,000 "
Victor Martinez,Detroit Tigers,Designated hitter,"$18,000,000 "
Adrian Beltre,Texas Rangers,Third baseman,"$18,000,000 "
Pablo Sandoval,Boston Red Sox,Third baseman,"$17,600,000 "
Carlos Gonzalez,Colorado Rockies,Outfielder,"$17,428,571 "
Matt Holliday,St. Louis Cardinals,Outfielder,"$17,000,000 "
Brian McCann,New York Yankees,Catcher,"$17,000,000 "
Anibal Sanchez,Detroit Tigers,Pitcher,"$16,800,000 "
Johnny Cueto,San Francisco Giants,Pitcher,"$16,666,666 "
Adam Jones,Baltimore Orioles,Outfielder,"$16,329,674 "
Mike Trout,Los Angeles Angels,Outfielder,"$16,083,333 "
Curtis Granderson,New York Mets,Outfielder,"$16,000,000 "
John Lackey,Chicago Cubs,Pitcher,"$16,000,000 "
Brett Anderson,Los Angeles Dodgers,Pitcher,"$15,800,000 "
Colby Rasmus,Houston Astros,Outfielder,"$15,800,000 "
Matt Wieters,Baltimore Orioles,Catcher,"$15,800,000 "
John Danks,Chicago White Sox,Pitcher,"$15,750,000 "
Melvin Upton Jr.,San Diego Padres,Outfielder,"$15,450,000 "
Elvis Andrus,Texas Rangers,Shortstop,"$15,333,333 "
Russell Martin,Toronto Blue Jays,Catcher,"$15,000,000 "
Carlos Beltran,New York Yankees,Outfielder,"$15,000,000 "
Jake Peavy,San Francisco Giants,Pitcher,"$15,000,000 "
Scott Kazmir,Los Angeles Dodgers,Pitcher,"$14,985,384 "
Ryan Zimmerman,Washington Nationals,First baseman,"$14,333,333 "
Nelson Cruz,Seattle Mariners,Designated hitter,"$14,250,000 "
Ian Kinsler,Detroit Tigers,Second baseman,"$14,000,000 "
Miguel Montero,Chicago Cubs,Catcher,"$14,000,000 "
Brett Gardner,New York Yankees,Outfielder,"$14,000,000 "
Melky Cabrera,Chicago White Sox,Outfielder,"$14,000,000 "
Francisco Liriano,Pittsburgh Pirates,Pitcher,"$13,666,667 "
Ervin Santana,Minnesota Twins,Pitcher,"$13,500,000 "
Andrew McCutchen,Pittsburgh Pirates,Outfielder,"$13,208,333 "
Brandon Phillips,Cincinnati Reds,Second baseman,"$13,083,333 "
Mike Leake,St. Louis Cardinals,Pitcher,"$13,000,000 "
Alex Gordon,Kansas City Royals,Outfielder,"$13,000,000 "
Chase Headley,New York Yankees,Third baseman,"$13,000,000 "
Clay Buchholz,Boston Red Sox,Pitcher,"$13,000,000 "
Ubaldo Jimenez,Baltimore Orioles,Pitcher,"$12,673,102 "
Dustin Pedroia,Boston Red Sox,Second baseman,"$12,642,511 "
Evan Longoria,Tampa Bay Rays,Third baseman,"$12,600,018 "
Jay Bruce,Cincinnati Reds,Outfielder,"$12,541,666 "
Wei-Yin Chen,Miami Marlins,Pitcher,"$12,500,000 "
Jhonny Peralta,St. Louis Cardinals,Shortstop,"$12,500,000 "
Brandon McCarthy,Los Angeles Dodgers,Pitcher,"$12,500,000 "
Jorge De La Rosa,Colorado Rockies,Pitcher,"$12,500,000 "
Freddie Freeman,Atlanta Braves,First baseman,"$12,359,375 "
Gio Gonzalez,Washington Nationals,Pitcher,"$12,100,000 "
Ricky Nolasco,Minnesota Twins,Pitcher,"$12,000,000 "
Aaron Hill,Milwaukee Brewers,Third baseman,"$12,000,000 "
R.A. Dickey,Toronto Blue Jays,Pitcher,"$12,000,000 "
Jose Abreu,Chicago White Sox,First baseman,"$11,666,667 "
Billy Butler,Oakland Athletics,Designated hitter,"$11,666,667 "
Josh Donaldson,Toronto Blue Jays,Third baseman,"$11,650,000 "
Marco Estrada,Toronto Blue Jays,Pitcher,"$11,500,000 "
Jaime Garcia,St. Louis Cardinals,Pitcher,"$11,500,000 "
Angel Pagan,San Francisco Giants,Outfielder,"$11,250,000 "
David Robertson,Chicago White Sox,Pitcher,"$11,000,000 "
Nick Markakis,Atlanta Braves,Outfielder,"$11,000,000 "
Craig Kimbrel,Boston Red Sox,Pitcher,"$11,000,000 "
Martin Prado,Miami Marlins,Third baseman,"$11,000,000 "
Jonathan Papelbon,Washington Nationals,Pitcher,"$10,936,574 "
Jeff Samardzija,San Francisco Giants,Pitcher,"$10,800,000 "
Jake Arrieta,Chicago Cubs,Pitcher,"$10,700,000 "
Kenley Jansen,Los Angeles Dodgers,Pitcher,"$10,650,000 "
Neil Walker,New York Mets,Second baseman,"$10,550,000 "
Ben Zobrist,Chicago Cubs,Second baseman,"$10,500,000 "
Stephen Strasburg,Washington Nationals,Pitcher,"$10,400,000 "
Yu Darvish,Texas Rangers,Pitcher,"$10,000,000 "
J.A. Happ,Toronto Blue Jays,Pitcher,"$10,000,000 "
Edwin Encarnacion,Toronto Blue Jays,Designated hitter,"$10,000,000 "
Madison Bumgarner,San Francisco Giants,Pitcher,"$9,916,667 "
Mark Melancon,Pittsburgh Pirates,Pitcher,"$9,650,000 "
Howie Kendrick,Los Angeles Dodgers,Second baseman,"$9,540,378 "
Edinson Volquez,Kansas City Royals,Pitcher,"$9,500,000 "
Aroldis Chapman,New York Yankees,Pitcher,"$9,468,443 "
Phil Hughes,Minnesota Twins,Pitcher,"$9,200,000 "
Chris Sale,Chicago White Sox,Pitcher,"$9,150,000 "
Mark Trumbo,Baltimore Orioles,Outfielder,"$9,150,000 "
Jason Hammel,Chicago Cubs,Pitcher,"$9,000,000 "
Koji Uehara,Boston Red Sox,Pitcher,"$9,000,000 "
Giancarlo Stanton,Miami Marlins,Outfielder,"$9,000,000 "
Andrew Miller,New York Yankees,Pitcher,"$9,000,000 "
Jon Niese,Pittsburgh Pirates,Pitcher,"$9,000,000 "
Carlos Gomez,Houston Astros,Outfielder,"$9,000,000 "
Kendrys Morales,Kansas City Royals,Designated hitter,"$9,000,000 "
Sergio Romo,San Francisco Giants,Pitcher,"$9,000,000 "
Yovani Gallardo,Baltimore Orioles,Pitcher,"$8,728,776 "
Erick Aybar,Atlanta Braves,Shortstop,"$8,500,000 "
Jason Vargas,Kansas City Royals,Pitcher,"$8,500,000 "
Carlos Ruiz,Philadelphia Phillies,Catcher,"$8,500,000 "
Carlos Santana,Cleveland Indians,Catcher,"$8,450,000 "
Drew Storen,Toronto Blue Jays,Pitcher,"$8,375,000 "
Asdrubal Cabrera,New York Mets,Shortstop,"$8,250,000 "
Eric Hosmer,Kansas City Royals,First baseman,"$8,250,000 "
Todd Frazier,Chicago White Sox,Third baseman,"$8,250,000 "
Brandon Moss,St. Louis Cardinals,First baseman,"$8,250,000 "
Kyle Seager,Seattle Mariners,Third baseman,"$8,000,000 "
Starlin Castro,New York Yankees,Second baseman,"$8,000,000 "
Daniel Murphy,Washington Nationals,Second baseman,"$8,000,000 "
Scott Feldman,Houston Astros,Pitcher,"$8,000,000 "
Gerardo Parra,Colorado Rockies,Outfielder,"$8,000,000 "
Charlie Morton,Philadelphia Phillies,Pitcher,"$8,000,000 "
Michael Morse,Pittsburgh Pirates,First baseman,"$8,000,000 "
Adam Lind,Seattle Mariners,First baseman,"$8,000,000 "
Cameron Maybin,Detroit Tigers,Outfielder,"$8,000,000 "
Dexter Fowler,Chicago Cubs,Outfielder,"$8,000,000 "
Ian Desmond,Texas Rangers,Outfielder,"$8,000,000 "
Hyun-Jin Ryu,Los Angeles Dodgers,Pitcher,"$7,833,333 "
Omar Infante,Kansas City Royals,Second baseman,"$7,750,000 "
Ian Kennedy,Kansas City Royals,Pitcher,"$7,500,000 "
Jed Lowrie,Oakland Athletics,Second baseman,"$7,500,000 "
Lance Lynn,St. Louis Cardinals,Pitcher,"$7,500,000 "
Joaquin Benoit,Seattle Mariners,Pitcher,"$7,500,000 "
Francisco Rodriguez,Detroit Tigers,Pitcher,"$7,383,481 "
Michael Brantley,Cleveland Indians,Outfielder,"$7,375,000 "
Joakim Soria,Kansas City Royals,Pitcher,"$7,333,333 "
Bartolo Colon,New York Mets,Pitcher,"$7,250,000 "
Dallas Keuchel,Houston Astros,Pitcher,"$7,250,000 "
Trevor Plouffe,Minnesota Twins,Third baseman,"$7,250,000 "
Yasiel Puig,Los Angeles Dodgers,Outfielder,"$7,214,285 "
Andrew Cashner,San Diego Padres,Pitcher,"$7,150,000 "
Yunel Escobar,Los Angeles Angels,Third baseman,"$7,000,000 "
Chase Utley,Los Angeles Dodgers,Second baseman,"$7,000,000 "
Doug Fister,Houston Astros,Pitcher,"$7,000,000 "
Jeremy Hellickson,Philadelphia Phillies,Pitcher,"$7,000,000 "
Matt Carpenter,St. Louis Cardinals,First baseman,"$6,833,333 "
J.D. Martinez,Detroit Tigers,Outfielder,"$6,750,000 "
Luke Gregerson,Houston Astros,Pitcher,"$6,750,000 "
Seth Smith,Seattle Mariners,Outfielder,"$6,750,000 "
Zach Britton,Baltimore Orioles,Pitcher,"$6,750,000 "
Lucas Duda,New York Mets,First baseman,"$6,725,000 "
Ryan Madson,Oakland Athletics,Pitcher,"$6,666,667 "
Josh Reddick,Oakland Athletics,Outfielder,"$6,575,000 "
Lorenzo Cain,Kansas City Royals,Outfielder,"$6,500,000 "
Chris Young,Boston Red Sox,Outfielder,"$6,500,000 "
Santiago Casilla,San Francisco Giants,Pitcher,"$6,500,000 "
Garrett Richards,Los Angeles Angels,Pitcher,"$6,425,000 "
Denard Span,San Francisco Giants,Outfielder,"$6,333,333 "
Boone Logan,Colorado Rockies,Pitcher,"$6,250,000 "
Ben Revere,Washington Nationals,Outfielder,"$6,250,000 "
J.P. Howell,Los Angeles Dodgers,Pitcher,"$6,250,000 "
Jon Jay,San Diego Padres,Outfielder,"$6,225,000 "
Chris Tillman,Baltimore Orioles,Pitcher,"$6,225,000 "
Brandon Belt,San Francisco Giants,First baseman,"$6,200,000 "
Travis Wood,Chicago Cubs,Pitcher,"$6,170,000 "
Jason Kipnis,Cleveland Indians,Second baseman,"$6,166,667 "
Luis Valbuena,Houston Astros,Third baseman,"$6,125,000 "
Tyler Clippard,Arizona Diamondbacks,Pitcher,"$6,100,000 "
Brandon Crawford,San Francisco Giants,Shortstop,"$6,000,000 "
Andrelton Simmons,Los Angeles Angels,Shortstop,"$6,000,000 "
Tony Sipp,Houston Astros,Pitcher,"$6,000,000 "
Kurt Suzuki,Minnesota Twins,Catcher,"$6,000,000 "
Colby Lewis,Texas Rangers,Pitcher,"$6,000,000 "
Rich Hill,Oakland Athletics,Pitcher,"$6,000,000 "
Darren O'Day,Baltimore Orioles,Pitcher,"$5,854,712 "
Paul Goldschmidt,Arizona Diamondbacks,First baseman,"$5,833,333 "
Alejandro De Aza,New York Mets,Outfielder,"$5,750,000 "
Pedro Alvarez,Baltimore Orioles,First baseman,"$5,731,704 "
Mitch Moreland,Texas Rangers,First baseman,"$5,700,000 "
Mike Moustakas,Kansas City Royals,Third baseman,"$5,600,000 "
Nathan Eovaldi,New York Yankees,Pitcher,"$5,600,000 "
Trevor Rosenthal,St. Louis Cardinals,Pitcher,"$5,600,000 "
Brad Ziegler,Arizona Diamondbacks,Pitcher,"$5,500,000 "
Josh Harrison,Pittsburgh Pirates,Second baseman,"$5,500,000 "
Nori Aoki,Seattle Mariners,Outfielder,"$5,500,000 "
Jose Quintana,Chicago White Sox,Pitcher,"$5,400,000 "
Antonio Bastardo,New York Mets,Pitcher,"$5,375,000 "
Wilson Ramos,Washington Nationals,Catcher,"$5,350,000 "
Kevin Jepsen,Minnesota Twins,Pitcher,"$5,312,000 "
Addison Reed,New York Mets,Pitcher,"$5,300,000 "
Anthony Rizzo,Chicago Cubs,First baseman,"$5,285,714 "
Joe Smith,Los Angeles Angels,Pitcher,"$5,250,000 "
Alcides Escobar,Kansas City Royals,Shortstop,"$5,250,000 "
Matt Moore,Tampa Bay Rays,Pitcher,"$5,100,000 "
Justin Turner,Los Angeles Dodgers,Third baseman,"$5,100,000 "
Devin Mesoraco,Cincinnati Reds,Catcher,"$5,025,000 "
Zach Duke,Chicago White Sox,Pitcher,"$5,000,000 "
Javier Lopez,San Francisco Giants,Pitcher,"$5,000,000 "
Bryce Harper,Washington Nationals,Outfielder,"$5,000,000 "
Austin Jackson,Chicago White Sox,Outfielder,"$5,000,000 "
Hector Santiago,Los Angeles Angels,Pitcher,"$5,000,000 "
Jason Castro,Houston Astros,Catcher,"$5,000,000 "
Manny Machado,Baltimore Orioles,Third baseman,"$5,000,000 "
Nolan Arenado,Colorado Rockies,Third baseman,"$5,000,000 "
Chris Coghlan,Oakland Athletics,Outfielder,"$4,800,000 "
Jake McGee,Colorado Rockies,Pitcher,"$4,800,000 "
Steve Pearce,Tampa Bay Rays,First baseman,"$4,750,000 "
Corey Kluber,Cleveland Indians,Pitcher,"$4,700,000 "
Carlos Carrasco,Cleveland Indians,Pitcher,"$4,500,000 "
John Axford,Oakland Athletics,Pitcher,"$4,500,000 "
A.J. Ellis,Los Angeles Dodgers,Catcher,"$4,500,000 "
Tommy Milone,Minnesota Twins,Pitcher,"$4,500,000 "
Pedro Strop,Chicago Cubs,Pitcher,"$4,400,000 "
Shelby Miller,Arizona Diamondbacks,Pitcher,"$4,350,000 "
Matt Harvey,New York Mets,Pitcher,"$4,325,000 "
Michael Pineda,New York Yankees,Pitcher,"$4,300,000 "
Chris Young,Kansas City Royals,Pitcher,"$4,250,000 "
Chris Iannetta,Seattle Mariners,Catcher,"$4,250,000 "
Henderson Alvarez,Oakland Athletics,Pitcher,"$4,250,000 "
Trevor Cahill,Chicago Cubs,Pitcher,"$4,250,000 "
Danny Duffy,Kansas City Royals,Pitcher,"$4,225,000 "
Hector Rondon,Chicago Cubs,Pitcher,"$4,200,000 "
Logan Morrison,Tampa Bay Rays,First baseman,"$4,200,000 "
Jedd Gyorko,St. Louis Cardinals,Third baseman,"$4,166,666 "
Cody Allen,Cleveland Indians,Pitcher,"$4,150,000 "
Leonys Martin,Seattle Mariners,Outfielder,"$4,150,000 "
Jonathan Lucroy,Milwaukee Brewers,Catcher,"$4,100,000 "
Ivan Nova,New York Yankees,Pitcher,"$4,100,000 "
Jeurys Familia,New York Mets,Pitcher,"$4,100,000 "
Shawn Kelley,Washington Nationals,Pitcher,"$4,000,000 "
Steve Cishek,Seattle Mariners,Pitcher,"$4,000,000 "
John Jaso,Pittsburgh Pirates,First baseman,"$4,000,000 "
Alex Cobb,Tampa Bay Rays,Pitcher,"$4,000,000 "
Dioner Navarro,Chicago White Sox,Catcher,"$4,000,000 "
Jerry Blevins,New York Mets,Pitcher,"$4,000,000 "
Jesse Chavez,Toronto Blue Jays,Pitcher,"$4,000,000 "
Joe Blanton,Los Angeles Dodgers,Pitcher,"$4,000,000 "
Juan Uribe,Cleveland Indians,Third baseman,"$4,000,000 "
Brian Matusz,Baltimore Orioles,Pitcher,"$3,900,000 "
David Hernandez,Philadelphia Phillies,Pitcher,"$3,900,000 "
Justin Smoak,Toronto Blue Jays,First baseman,"$3,900,000 "
Neftali Feliz,Pittsburgh Pirates,Pitcher,"$3,900,000 "
Brett Cecil,Toronto Blue Jays,Pitcher,"$3,800,000 "
Drew Smyly,Tampa Bay Rays,Pitcher,"$3,750,000 "
Ryan Hanigan,Boston Red Sox,Catcher,"$3,700,000 "
Welington Castillo,Arizona Diamondbacks,Catcher,"$3,700,000 "
Jose Altuve,Houston Astros,Second baseman,"$3,687,500 "
Starling Marte,Pittsburgh Pirates,Outfielder,"$3,666,666 "
Jorge Soler,Chicago Cubs,Outfielder,"$3,666,666 "
Dee Gordon,Miami Marlins,Outfielder,"$3,500,000 "
Yulieski Gurriel,Houston Astros,First baseman,"$3,500,000 "
A.J. Pollock,Arizona Diamondbacks,Outfielder,"$3,500,000 "
Charlie Blackmon,Colorado Rockies,Outfielder,"$3,500,000 "
Francisco Cervelli,Pittsburgh Pirates,Catcher,"$3,500,000 "
Tom Koehler,Miami Marlins,Pitcher,"$3,500,000 "
Julio Teheran,Atlanta Braves,Pitcher,"$3,466,666 "
Mike Dunn,Miami Marlins,Pitcher,"$3,450,000 "
Tony Watson,Pittsburgh Pirates,Pitcher,"$3,450,000 "
A.J. Ramos,Miami Marlins,Pitcher,"$3,400,000 "
Kole Calhoun,Los Angeles Angels,Outfielder,"$3,400,000 "
Junichi Tazawa,Boston Red Sox,Pitcher,"$3,375,000 "
Desmond Jennings,Tampa Bay Rays,Outfielder,"$3,300,000 "
Evan Gattis,Houston Astros,Designated hitter,"$3,300,000 "
Shawn Tolleson,Texas Rangers,Pitcher,"$3,275,000 "
Raisel Iglesias,Cincinnati Reds,Pitcher,"$3,214,285 "
Dustin Ackley,New York Yankees,Outfielder,"$3,200,000 "
Martin Perez,Texas Rangers,Pitcher,"$3,150,000 "
Nick Hundley,Colorado Rockies,Catcher,"$3,150,000 "
Danny Valencia,Oakland Athletics,Third baseman,"$3,150,000 "
Kenta Maeda,Los Angeles Dodgers,Pitcher,"$3,125,000 "
Tom Wilhelmsen,Texas Rangers,Pitcher,"$3,100,000 "
Adam Eaton,Chicago White Sox,Outfielder,"$3,050,000 "
Jeff Locke,Pittsburgh Pirates,Pitcher,"$3,025,000 "
Brian Dozier,Minnesota Twins,Second baseman,"$3,000,000 "
DJ LeMahieu,Colorado Rockies,Second baseman,"$3,000,000 "
Oliver Perez,Washington Nationals,Pitcher,"$3,000,000 "
A.J. Pierzynski,Atlanta Braves,Catcher,"$3,000,000 "
Alexei Ramirez,San Diego Padres,Shortstop,"$3,000,000 "
David Freese,Pittsburgh Pirates,Third baseman,"$3,000,000 "
Juan Nicasio,Pittsburgh Pirates,Pitcher,"$3,000,000 "
Mat Latos,Chicago White Sox,Pitcher,"$3,000,000 "
Stephen Drew,Washington Nationals,Shortstop,"$3,000,000 "
Jordan Lyles,Colorado Rockies,Pitcher,"$2,975,000 "
Chris Archer,Tampa Bay Rays,Pitcher,"$2,958,333 "
Marc Rzepczynski,Oakland Athletics,Pitcher,"$2,950,000 "
Derek Norris,San Diego Padres,Catcher,"$2,925,000 "
Zack Cozart,Cincinnati Reds,Shortstop,"$2,925,000 "
Michael Saunders,Toronto Blue Jays,Outfielder,"$2,900,000 "
Danny Espinosa,Washington Nationals,Shortstop,"$2,875,000 "
Hyun-soo Kim,Baltimore Orioles,Outfielder,"$2,800,000 "
Anthony Rendon,Washington Nationals,Third baseman,"$2,800,000 "
Geovany Soto,Los Angeles Angels,Catcher,"$2,800,000 "
Jose Fernandez,Miami Marlins,Pitcher,"$2,800,000 "
Wily Peralta,Milwaukee Brewers,Pitcher,"$2,800,000 "
Yasmani Grandal,Los Angeles Dodgers,Catcher,"$2,800,000 "
Bryan Shaw,Cleveland Indians,Pitcher,"$2,750,000 "
Lonnie Chisenhall,Cleveland Indians,Outfielder,"$2,725,000 "
Daniel Hudson,Arizona Diamondbacks,Pitcher,"$2,700,000 "
Yonder Alonso,Oakland Athletics,First baseman,"$2,650,000 "
Adeiny Hechavarria,Miami Marlins,Shortstop,"$2,625,000 "
Jean Segura,Arizona Diamondbacks,Shortstop,"$2,600,000 "
Joe Kelly,Boston Red Sox,Pitcher,"$2,600,000 "
Mark Reynolds,Colorado Rockies,First baseman,"$2,600,000 "
Vance Worley,Baltimore Orioles,Pitcher,"$2,600,000 "
Yan Gomes,Cleveland Indians,Catcher,"$2,583,333 "
Jung-ho Kang,Pittsburgh Pirates,Third baseman,"$2,562,500 "
Kelvin Herrera,Kansas City Royals,Pitcher,"$2,550,000 "
Patrick Corbin,Arizona Diamondbacks,Pitcher,"$2,525,000 "
Juan Lagares,New York Mets,Outfielder,"$2,500,000 "
Brayan Pena,St. Louis Cardinals,Catcher,"$2,500,000 "
David Ross,Chicago Cubs,Catcher,"$2,500,000 "
Alex Avila,Chicago White Sox,Catcher,"$2,500,000 "
Bud Norris,Atlanta Braves,Pitcher,"$2,500,000 "
Chris Carter,Milwaukee Brewers,First baseman,"$2,500,000 "
David Phelps,Miami Marlins,Pitcher,"$2,500,000 "
Jim Johnson,Atlanta Braves,Pitcher,"$2,500,000 "
Sean Rodriguez,Pittsburgh Pirates,First baseman,"$2,500,000 "
Seung-Hwan Oh,St. Louis Cardinals,Pitcher,"$2,500,000 "
Yusmeiro Petit,Washington Nationals,Pitcher,"$2,500,000 "
Didi Gregorius,New York Yankees,Shortstop,"$2,425,000 "
Fernando Salas,Los Angeles Angels,Pitcher,"$2,400,000 "
Erasmo Ramirez,Tampa Bay Rays,Pitcher,"$2,375,000 "
Rubby De La Rosa,Arizona Diamondbacks,Pitcher,"$2,350,000 "
Casey Fien,Minnesota Twins,Pitcher,"$2,275,000 "
Logan Forsythe,Tampa Bay Rays,Second baseman,"$2,250,000 "
Chad Qualls,Colorado Rockies,Pitcher,"$2,250,000 "
Josh Tomlin,Cleveland Indians,Pitcher,"$2,250,000 "
Eduardo Escobar,Minnesota Twins,Shortstop,"$2,150,000 "
Daniel Descalso,Colorado Rockies,Shortstop,"$2,100,000 "
Avisail Garcia,Chicago White Sox,Outfielder,"$2,100,000 "
Jose Iglesias,Detroit Tigers,Shortstop,"$2,100,000 "
Jordy Mercer,Pittsburgh Pirates,Shortstop,"$2,075,000 "
Salvador Perez,Kansas City Royals,Catcher,"$2,000,000 "
Mike Minor,Kansas City Royals,Pitcher,"$2,000,000 "
Tyler Flowers,Atlanta Braves,Catcher,"$2,000,000 "
Alexi Ogando,Atlanta Braves,Pitcher,"$2,000,000 "
Alfredo Simon,Cincinnati Reds,Pitcher,"$2,000,000 "
Clayton Richard,Chicago Cubs,Pitcher,"$2,000,000 "
Dillon Gee,Kansas City Royals,Pitcher,"$2,000,000 "
Felix Doubront,Oakland Athletics,Pitcher,"$2,000,000 "
Franklyn Morales,Toronto Blue Jays,Pitcher,"$2,000,000 "
Freddy Galvis,Philadelphia Phillies,Shortstop,"$2,000,000 "
Ichiro Suzuki,Miami Marlins,Outfielder,"$2,000,000 "
Jimmy Rollins,Chicago White Sox,Shortstop,"$2,000,000 "
Kelly Johnson,Atlanta Braves,Second baseman,"$2,000,000 "
Marwin Gonzalez,Houston Astros,Shortstop,"$2,000,000 "
Matt Albers,Chicago White Sox,Pitcher,"$2,000,000 "
Mike Aviles,Detroit Tigers,Shortstop,"$2,000,000 "
Peter Bourjos,Philadelphia Phillies,Outfielder,"$2,000,000 "
Ryan Vogelsong,Pittsburgh Pirates,Pitcher,"$2,000,000 "
Tommy Hunter,Cleveland Indians,Pitcher,"$2,000,000 "
Sam Fuld,Oakland Athletics,Outfielder,"$1,925,000 "
Dylan Bundy,Baltimore Orioles,Pitcher,"$1,800,000 "
Eric O'Flaherty,Atlanta Braves,Pitcher,"$1,750,000 "
Jarrod Dyson,Kansas City Royals,Outfielder,"$1,725,000 "
Adam Warren,Chicago Cubs,Pitcher,"$1,700,000 "
Trevor Bauer,Cleveland Indians,Pitcher,"$1,697,500 "
Sean Doolittle,Oakland Athletics,Pitcher,"$1,650,000 "
Justin Ruggiano,Texas Rangers,Outfielder,"$1,650,000 "
Matt Adams,St. Louis Cardinals,First baseman,"$1,650,000 "
Matt Thornton,San Diego Padres,Pitcher,"$1,600,000 "
Charlie Furbush,Seattle Mariners,Pitcher,"$1,600,000 "
Fernando Rodney,San Diego Padres,Pitcher,"$1,600,000 "
Robinson Chirinos,Texas Rangers,Catcher,"$1,550,000 "
Justin Wilson,Detroit Tigers,Pitcher,"$1,525,000 "
Cliff Pennington,Los Angeles Angels,Second baseman,"$1,500,000 "
Tony Barnette,Texas Rangers,Pitcher,"$1,500,000 "
Chris Capuano,Milwaukee Brewers,Pitcher,"$1,500,000 "
Craig Breslow,Miami Marlins,Pitcher,"$1,500,000 "
Eric Sogard,Oakland Athletics,Second baseman,"$1,500,000 "
Franklin Gutierrez,Seattle Mariners,Outfielder,"$1,500,000 "
Hank Conger,Tampa Bay Rays,Catcher,"$1,500,000 "
James Russell,Philadelphia Phillies,Pitcher,"$1,500,000 "
Jeff Mathis,Miami Marlins,Catcher,"$1,500,000 "
Rickie Weeks,Arizona Diamondbacks,Outfielder,"$1,500,000 "
Ruben Tejada,St. Louis Cardinals,Shortstop,"$1,500,000 "
Ryan Flaherty,Baltimore Orioles,Second baseman,"$1,500,000 "
Ryan Raburn,Colorado Rockies,Outfielder,"$1,500,000 "
Carlos Villanueva,San Diego Padres,Pitcher,"$1,490,314 "
Eduardo Nunez,Minnesota Twins,Shortstop,"$1,475,000 "
Tim Collins,Kansas City Royals,Pitcher,"$1,475,000 "
Will Smith,Milwaukee Brewers,Pitcher,"$1,475,000 "
Kolten Wong,St. Louis Cardinals,Second baseman,"$1,450,000 "
Andres Blanco,Philadelphia Phillies,Second baseman,"$1,450,000 "
J.J. Hoover,Cincinnati Reds,Pitcher,"$1,400,000 "
Jeanmar Gomez,Philadelphia Phillies,Pitcher,"$1,400,000 "
Seth Maness,St. Louis Cardinals,Pitcher,"$1,400,000 "
Jose Lobaton,Washington Nationals,Catcher,"$1,387,500 "
Daniel Nava,Los Angeles Angels,Outfielder,"$1,375,000 "
Chris Stewart,Pittsburgh Pirates,Catcher,"$1,350,000 "
Bryan Morris,Miami Marlins,Pitcher,"$1,350,000 "
Drew Pomeranz,San Diego Padres,Pitcher,"$1,350,000 "
Adam Ottavino,Colorado Rockies,Pitcher,"$1,300,000 "
Nolan Reimold,Baltimore Orioles,Outfielder,"$1,300,000 "
Randall Delgado,Arizona Diamondbacks,Pitcher,"$1,275,000 "
Jake Diekman,Texas Rangers,Pitcher,"$1,255,000 "
Brad Brach,Baltimore Orioles,Pitcher,"$1,250,000 "
Chris Heisey,Washington Nationals,Outfielder,"$1,250,000 "
Fernando Abad,Minnesota Twins,Pitcher,"$1,250,000 "
Gordon Beckham,Atlanta Braves,Third baseman,"$1,250,000 "
Matt Belisle,Washington Nationals,Pitcher,"$1,250,000 "
Robbie Ross,Boston Red Sox,Pitcher,"$1,250,000 "
Scott Van Slyke,Los Angeles Dodgers,Outfielder,"$1,225,000 "
Chris Narveson,Miami Marlins,Pitcher,"$1,200,000 "
Brandon Guyer,Tampa Bay Rays,Outfielder,"$1,185,000 "
Drew Butera,Kansas City Royals,Catcher,"$1,162,500 "
George Kontos,San Francisco Giants,Pitcher,"$1,150,000 "
Martin Maldonado,Milwaukee Brewers,Catcher,"$1,125,000 "
Ryan Cook,Seattle Mariners,Pitcher,"$1,100,000 "
Chris Hatcher,Los Angeles Dodgers,Pitcher,"$1,065,000 "
Aaron Loup,Toronto Blue Jays,Pitcher,"$1,050,000 "
Carlos Torres,Milwaukee Brewers,Pitcher,"$1,050,000 "
Darwin Barney,Toronto Blue Jays,Second baseman,"$1,050,000 "
Fernando Rodriguez,Oakland Athletics,Pitcher,"$1,050,000 "
Christian Yelich,Miami Marlins,Outfielder,"$1,000,000 "
Tyler Chatwood,Colorado Rockies,Pitcher,"$1,000,000 "
Brandon Barnes,Colorado Rockies,Outfielder,"$1,000,000 "
Brett Wallace,San Diego Padres,First baseman,"$1,000,000 "
Chien-Ming Wang,Kansas City Royals,Pitcher,"$1,000,000 "
Collin Cowgill,Cleveland Indians,Outfielder,"$1,000,000 "
Craig Gentry,Los Angeles Angels,Outfielder,"$1,000,000 "
Dae-Ho Lee,Seattle Mariners,First baseman,"$1,000,000 "
Dustin McGowan,Miami Marlins,Pitcher,"$1,000,000 "
Gavin Floyd,Toronto Blue Jays,Pitcher,"$1,000,000 "
Jeff Francoeur,Atlanta Braves,Outfielder,"$1,000,000 "
Marlon Byrd,Cleveland Indians,Outfielder,"$1,000,000 "
Matt Joyce,Pittsburgh Pirates,Outfielder,"$1,000,000 "
Ross Detwiler,Cleveland Indians,Pitcher,"$1,000,000 "
Ryan Webb,Tampa Bay Rays,Pitcher,"$1,000,000 "
Carter Capps,Miami Marlins,Pitcher,"$987,500 "
Chris Gimenez,Texas Rangers,Catcher,"$975,000 "
Zach Putnam,Chicago White Sox,Pitcher,"$975,000 "
Blaine Boyer,Milwaukee Brewers,Pitcher,"$950,000 "
Emmanuel Burriss,Philadelphia Phillies,Second baseman,"$925,000 "
Nate Jones,Chicago White Sox,Pitcher,"$900,000 "
Andrew Romine,Detroit Tigers,Third baseman,"$900,000 "
Josh Fields,Houston Astros,Pitcher,"$900,000 "
Tanner Scheppers,Texas Rangers,Pitcher,"$900,000 "
Arodys Vizcaino,Atlanta Braves,Pitcher,"$897,500 "
Dana Eveland,Tampa Bay Rays,Pitcher,"$895,000 "
Erik Kratz,Houston Astros,Catcher,"$850,000 "
Jarrod Parker,Oakland Athletics,Pitcher,"$850,000 "
Dan Jennings,Chicago White Sox,Pitcher,"$810,000 "
Evan Scribner,Seattle Mariners,Pitcher,"$807,500 "
Adam Rosales,San Diego Padres,First baseman,"$800,000 "
Josh Thole,Toronto Blue Jays,Catcher,"$800,000 "
Ross Ohlendorf,Cincinnati Reds,Pitcher,"$800,000 "
Jeff Manship,Cleveland Indians,Pitcher,"$765,000 "
Louis Coleman,Los Angeles Dodgers,Pitcher,"$725,000 "
Jason Gurka,Colorado Rockies,Pitcher,"$660,000 "
Kris Bryant,Chicago Cubs,Third baseman,"$652,000 "
Ji-Man Choi,Los Angeles Angels,First baseman,"$650,000 "
Xander Bogaerts,Boston Red Sox,Shortstop,"$650,000 "
Josh Edgin,New York Mets,Pitcher,"$625,000 "
Jacob deGrom,New York Mets,Pitcher,"$607,000 "
Brock Holt,Boston Red Sox,Second baseman,"$606,000 "
Blake Wood,Cincinnati Reds,Pitcher,"$600,000 "
Jim Henderson,New York Mets,Pitcher,"$600,000 "
Kyle Gibson,Minnesota Twins,Pitcher,"$587,500 "
Eric Fryer,St. Louis Cardinals,Catcher,"$575,000 "
Logan Kensing,Detroit Tigers,Pitcher,"$575,000 "
Aaron Hicks,New York Yankees,Outfielder,"$574,000 "
Billy Hamilton,Cincinnati Reds,Outfielder,"$570,000 "
Marcell Ozuna,Miami Marlins,Outfielder,"$570,000 "
Mookie Betts,Boston Red Sox,Outfielder,"$566,000 "
Tom Layne,Boston Red Sox,Pitcher,"$563,750 "
Austin Romine,New York Yankees,Catcher,"$556,000 "
Cole Figueroa,Pittsburgh Pirates,Second baseman,"$550,000 "
Cory Gearrin,San Francisco Giants,Pitcher,"$550,000 "
Jarred Cosart,Miami Marlins,Pitcher,"$550,000 "
Gerrit Cole,Pittsburgh Pirates,Pitcher,"$548,000 "
Miguel Sano,Minnesota Twins,Outfielder,"$547,500 "
Jackie Bradley Jr.,Boston Red Sox,Outfielder,"$546,500 "
Eugenio Suarez,Cincinnati Reds,Third baseman,"$545,000 "
Joe Panik,San Francisco Giants,Second baseman,"$545,000 "
Trevor May,Minnesota Twins,Pitcher,"$545,000 "
Tanner Roark,Washington Nationals,Pitcher,"$543,400 "
Travis d'Arnaud,New York Mets,Catcher,"$542,604 "
Eddie Rosario,Minnesota Twins,Outfielder,"$542,500 "
Kyle Hendricks,Chicago Cubs,Pitcher,"$541,000 "
Francisco Lindor,Cleveland Indians,Shortstop,"$540,300 "
Anthony DeSclafani,Cincinnati Reds,Pitcher,"$540,000 "
Carlos Martinez,St. Louis Cardinals,Pitcher,"$539,000 "
Kevin Siegrist,St. Louis Cardinals,Pitcher,"$539,000 "
Michael Wacha,St. Louis Cardinals,Pitcher,"$539,000 "
Danny Santana,Minnesota Twins,Shortstop,"$537,500 "
Justin Bour,Miami Marlins,First baseman,"$537,500 "
Matt Duffy,San Francisco Giants,Third baseman,"$537,500 "
Nick Castellanos,Detroit Tigers,Third baseman,"$536,500 "
Danny Salazar,Cleveland Indians,Pitcher,"$536,200 "
Noah Syndergaard,New York Mets,Pitcher,"$535,375 "
Gregory Polanco,Pittsburgh Pirates,Outfielder,"$535,000 "
Jacob Petricka,Chicago White Sox,Pitcher,"$535,000 "
Jerry Sands,Chicago White Sox,Outfielder,"$535,000 "
Oswaldo Arcia,Minnesota Twins,Outfielder,"$535,000 "
Chasen Shreve,New York Yankees,Pitcher,"$533,400 "
Vidal Nuno,Seattle Mariners,Pitcher,"$532,900 "
Arquimedes Caminero,Pittsburgh Pirates,Pitcher,"$532,500 "
J.T. Realmuto,Miami Marlins,Catcher,"$532,500 "
Johnny Giavotella,Los Angeles Angels,Second baseman,"$532,500 "
Kevin Gausman,Baltimore Orioles,Pitcher,"$532,000 "
Tommy La Stella,Chicago Cubs,Second baseman,"$532,000 "
Chris Owings,Arizona Diamondbacks,Second baseman,"$530,500 "
Alex Wood,Los Angeles Dodgers,Pitcher,"$530,000 "
Chris Heston,San Francisco Giants,Pitcher,"$530,000 "
Cody Asche,Philadelphia Phillies,Outfielder,"$530,000 "
Matt Shoemaker,Los Angeles Angels,Pitcher,"$530,000 "
Tony Cingrani,Cincinnati Reds,Pitcher,"$530,000 "
David Peralta,Arizona Diamondbacks,Outfielder,"$529,600 "
Carson Smith,Boston Red Sox,Pitcher,"$529,000 "
Collin McHugh,Houston Astros,Pitcher,"$529,000 "
John Ryan Murphy,Minnesota Twins,Catcher,"$528,700 "
Taijuan Walker,Seattle Mariners,Pitcher,"$528,600 "
Ken Giles,Houston Astros,Pitcher,"$528,200 "
Odubel Herrera,Philadelphia Phillies,Outfielder,"$528,000 "
Brad Miller,Tampa Bay Rays,Shortstop,"$527,600 "
Sonny Gray,Oakland Athletics,Pitcher,"$527,500 "
Stephen Vogt,Oakland Athletics,Catcher,"$527,500 "
Addison Russell,Chicago Cubs,Shortstop,"$527,000 "
Danny Farquhar,Tampa Bay Rays,Pitcher,"$527,000 "
Darin Ruf,Philadelphia Phillies,First baseman,"$527,000 "
Brandon Maurer,San Diego Padres,Pitcher,"$526,400 "
Wilmer Flores,New York Mets,Shortstop,"$526,014 "
Nick Vincent,Seattle Mariners,Pitcher,"$525,500 "
Will Harris,Houston Astros,Pitcher,"$525,500 "
Yangervis Solarte,San Diego Padres,Third baseman,"$525,500 "
Greg Bird,New York Yankees,First baseman,"$525,300 "
Sam Dyson,Texas Rangers,Pitcher,"$525,270 "
Anthony Gose,Detroit Tigers,Outfielder,"$525,000 "
C.J. Cron,Los Angeles Angels,First baseman,"$525,000 "
Cesar Hernandez,Philadelphia Phillies,Second baseman,"$525,000 "
Jumbo Diaz,Cincinnati Reds,Pitcher,"$525,000 "
Blake Treinen,Washington Nationals,Pitcher,"$524,900 "
Chase Whitley,Tampa Bay Rays,Pitcher,"$524,525 "
Khris Davis,Oakland Athletics,Outfielder,"$524,500 "
Neil Ramirez,Chicago Cubs,Pitcher,"$524,500 "
Zac Rosscup,Chicago Cubs,Pitcher,"$524,500 "
Mike Fiers,Houston Astros,Pitcher,"$524,100 "
Xavier Cedeno,Tampa Bay Rays,Pitcher,"$524,100 "
Michael Taylor,Washington Nationals,Outfielder,"$524,000 "
Wil Myers,San Diego Padres,First baseman,"$523,900 "
Nate Karns,Seattle Mariners,Pitcher,"$523,700 "
Caleb Joseph,Baltimore Orioles,Catcher,"$523,500 "
T.J. McFarland,Baltimore Orioles,Pitcher,"$523,500 "
Liam Hendriks,Oakland Athletics,Pitcher,"$523,400 "
Ender Inciarte,Atlanta Braves,Outfielder,"$523,000 "
Rougned Odor,Texas Rangers,Second baseman,"$522,700 "
Alex Wilson,Detroit Tigers,Pitcher,"$522,500 "
Derek Dietrich,Miami Marlins,Third baseman,"$522,500 "
Jonathan Schoop,Baltimore Orioles,Second baseman,"$522,500 "
George Springer,Houston Astros,Outfielder,"$522,400 "
Jimmy Nelson,Milwaukee Brewers,Pitcher,"$522,300 "
Kyle Schwarber,Chicago Cubs,Outfielder,"$522,000 "
Alex Colome,Tampa Bay Rays,Pitcher,"$521,700 "
Nick Ahmed,Arizona Diamondbacks,Shortstop,"$521,600 "
Chris Colabello,Toronto Blue Jays,First baseman,"$521,300 "
Luis Severino,New York Yankees,Pitcher,"$521,300 "
Kevin Quackenbush,San Diego Padres,Pitcher,"$521,200 "
Kevin Pillar,Toronto Blue Jays,Outfielder,"$521,100 "
Eduardo Rodriguez,Boston Red Sox,Pitcher,"$521,000 "
J.B. Shuck,Chicago White Sox,Outfielder,"$521,000 "
Robbie Ray,Arizona Diamondbacks,Pitcher,"$521,000 "
Jake Odorizzi,Tampa Bay Rays,Pitcher,"$520,700 "
Jace Peterson,Atlanta Braves,Second baseman,"$520,500 "
Jake Lamb,Arizona Diamondbacks,Third baseman,"$520,300 "
Chase Anderson,Milwaukee Brewers,Pitcher,"$520,200 "
Ryan Goins,Toronto Blue Jays,Second baseman,"$520,200 "
Dan Otero,Cleveland Indians,Pitcher,"$520,000 "
Jimmy Paredes,Baltimore Orioles,Designated hitter,"$520,000 "
Joc Pederson,Los Angeles Dodgers,Outfielder,"$520,000 "
Kike Hernandez,Los Angeles Dodgers,Outfielder,"$520,000 "
Kyle Lobstein,Pittsburgh Pirates,Pitcher,"$520,000 "
Mike Morin,Los Angeles Angels,Pitcher,"$520,000 "
Pedro Baez,Los Angeles Dodgers,Pitcher,"$520,000 "
Randal Grichuk,St. Louis Cardinals,Outfielder,"$520,000 "
Ryan Buchter,San Diego Padres,Pitcher,"$520,000 "
Ryan Pressly,Minnesota Twins,Pitcher,"$520,000 "
Andrew Chafin,Arizona Diamondbacks,Pitcher,"$519,700 "
Jake Marisnick,Houston Astros,Outfielder,"$519,500 "
James McCann,Detroit Tigers,Catcher,"$519,500 "
Aaron Barrett,Washington Nationals,Pitcher,"$519,400 "
Steven Geltz,Tampa Bay Rays,Pitcher,"$519,300 "
Brad Boxberger,Tampa Bay Rays,Pitcher,"$519,200 "
Jeremy Jeffress,Milwaukee Brewers,Pitcher,"$519,100 "
Bryan Holaday,Texas Rangers,Catcher,"$519,000 "
Blake Swihart,Boston Red Sox,Catcher,"$518,500 "
Taylor Jungmann,Milwaukee Brewers,Pitcher,"$518,500 "
Christian Colon,Kansas City Royals,Second baseman,"$518,425 "
Jose Ramirez,Cleveland Indians,Shortstop,"$518,200 "
Scooter Gennett,Milwaukee Brewers,Second baseman,"$518,100 "
Brett Oberholtzer,Philadelphia Phillies,Pitcher,"$518,000 "
Carlos Rodon,Chicago White Sox,Pitcher,"$518,000 "
Keone Kela,Texas Rangers,Pitcher,"$518,000 "
Aaron Sanchez,Toronto Blue Jays,Pitcher,"$517,800 "
Aaron Nola,Philadelphia Phillies,Pitcher,"$517,500 "
Hunter Strickland,San Francisco Giants,Pitcher,"$517,500 "
Maikel Franco,Philadelphia Phillies,Third baseman,"$517,500 "
Tucker Barnhart,Cincinnati Reds,Catcher,"$517,500 "
Delino DeShields Jr.,Texas Rangers,Outfielder,"$517,300 "
Michael Conforto,New York Mets,Outfielder,"$517,246 "
Ivan De Jesus,Cincinnati Reds,Second baseman,"$517,000 "
Shane Greene,Detroit Tigers,Pitcher,"$517,000 "
Carlos Correa,Houston Astros,Shortstop,"$516,700 "
Lance McCullers,Houston Astros,Pitcher,"$516,700 "
Bryan Mitchell,New York Yankees,Pitcher,"$516,650 "
Michael Lorenzen,Cincinnati Reds,Pitcher,"$516,500 "
Steve Clevenger,Seattle Mariners,Catcher,"$516,500 "
Felipe Rivero,Washington Nationals,Pitcher,"$516,100 "
Roberto Osuna,Toronto Blue Jays,Pitcher,"$516,100 "
Steven Souza,Tampa Bay Rays,Outfielder,"$516,100 "
Jerad Eickhoff,Philadelphia Phillies,Pitcher,"$516,000 "
Vincent Velasquez,Philadelphia Phillies,Pitcher,"$516,000 "
Marcus Stroman,Toronto Blue Jays,Pitcher,"$515,900 "
Roberto Perez,Cleveland Indians,Catcher,"$515,800 "
Steven Matz,New York Mets,Pitcher,"$515,750 "
Aaron Altherr,Philadelphia Phillies,Outfielder,"$515,500 "
Ketel Marte,Seattle Mariners,Shortstop,"$515,400 "
Andrew Heaney,Los Angeles Angels,Pitcher,"$515,000 "
Hector Neris,Philadelphia Phillies,Pitcher,"$515,000 "
Josh Ravin,Los Angeles Dodgers,Pitcher,"$515,000 "
Michael Bolsinger,Los Angeles Dodgers,Pitcher,"$515,000 "
Michael Tonkin,Minnesota Twins,Pitcher,"$515,000 "
Mike Montgomery,Seattle Mariners,Pitcher,"$515,000 "
Preston Tucker,Houston Astros,Outfielder,"$515,000 "
Travis Shaw,Boston Red Sox,Third baseman,"$515,000 "
Logan Verrett,New York Mets,Pitcher,"$514,875 "
Cory Rasmus,Los Angeles Angels,Pitcher,"$514,500 "
Daniel Norris,Detroit Tigers,Pitcher,"$514,500 "
Steven Wright,Boston Red Sox,Pitcher,"$514,500 "
Tim Beckham,Tampa Bay Rays,Second baseman,"$514,500 "
Kevin Kiermaier,Tampa Bay Rays,Outfielder,"$514,400 "
Paulo Orlando,Kansas City Royals,Outfielder,"$514,250 "
Michael Blazek,Milwaukee Brewers,Pitcher,"$514,200 "
Dalier Hinojosa,Philadelphia Phillies,Pitcher,"$514,000 "
Kirk Nieuwenhuis,Milwaukee Brewers,Outfielder,"$514,000 "
Philip Gosselin,Arizona Diamondbacks,Third baseman,"$513,900 "
Tyler Thornburg,Milwaukee Brewers,Pitcher,"$513,900 "
Domingo Santana,Milwaukee Brewers,Outfielder,"$513,800 "
Curt Casali,Tampa Bay Rays,Catcher,"$513,600 "
Eric Campbell,New York Mets,Third baseman,"$513,308 "
Bo Schultz,Toronto Blue Jays,Pitcher,"$513,300 "
Carlos Perez,Los Angeles Angels,Catcher,"$513,000 "
Christian Vazquez,Boston Red Sox,Catcher,"$513,000 "
Corey Knebel,Milwaukee Brewers,Pitcher,"$513,000 "
Tyler Saladino,Chicago White Sox,Third baseman,"$513,000 "
Jonathan Villar,Milwaukee Brewers,Shortstop,"$512,900 "
Adam Conley,Miami Marlins,Pitcher,"$512,500 "
Austin Barnes,Los Angeles Dodgers,Catcher,"$512,500 "
Ben Paulsen,Colorado Rockies,First baseman,"$512,500 "
Billy Burns,Oakland Athletics,Outfielder,"$512,500 "
Byron Buxton,Minnesota Twins,Outfielder,"$512,500 "
Chad Bettis,Colorado Rockies,Pitcher,"$512,500 "
Chris Rusin,Colorado Rockies,Pitcher,"$512,500 "
Christian Bergman,Colorado Rockies,Pitcher,"$512,500 "
Ehire Adrianza,San Francisco Giants,Shortstop,"$512,500 "
Josh Osich,San Francisco Giants,Pitcher,"$512,500 "
Josh Phegley,Oakland Athletics,Catcher,"$512,500 "
Kendall Graveman,Oakland Athletics,Pitcher,"$512,500 "
Marcus Semien,Oakland Athletics,Shortstop,"$512,500 "
Mario Hollands,Philadelphia Phillies,Pitcher,"$512,500 "
Mark Canha,Oakland Athletics,Outfielder,"$512,500 "
Michael Mariot,Philadelphia Phillies,Pitcher,"$512,500 "
Stephen Piscotty,St. Louis Cardinals,Outfielder,"$512,500 "
Tyler Lyons,St. Louis Cardinals,Pitcher,"$512,500 "
Dan Straily,Cincinnati Reds,Pitcher,"$512,100 "
Javier Baez,Chicago Cubs,Shortstop,"$512,000 "
Jesus Sucre,Seattle Mariners,Catcher,"$512,000 "
Luis Sardinas,Seattle Mariners,Second baseman,"$512,000 "
Kirby Yates,New York Yankees,Pitcher,"$511,900 "
Andrew McKirahan,Atlanta Braves,Pitcher,"$511,750 "
Brandon Finnegan,Cincinnati Reds,Pitcher,"$511,500 "
Hanser Alberto,Texas Rangers,Third baseman,"$511,500 "
Matt Szczur,Chicago Cubs,Outfielder,"$511,500 "
Mychal Givens,Baltimore Orioles,Pitcher,"$511,500 "
Tyler Wilson,Baltimore Orioles,Pitcher,"$511,500 "
Cody Anderson,Cleveland Indians,Pitcher,"$511,400 "
Kevin Plawecki,New York Mets,Catcher,"$511,360 "
Williams Perez,Atlanta Braves,Pitcher,"$511,250 "
Christian Bethancourt,San Diego Padres,Catcher,"$511,200 "
Devon Travis,Toronto Blue Jays,Second baseman,"$511,200 "
Matt Barnes,Boston Red Sox,Pitcher,"$511,000 "
Miguel Rojas,Miami Marlins,Third baseman,"$511,000 "
Tony Zych,Seattle Mariners,Pitcher,"$511,000 "
Arnold Leon,Toronto Blue Jays,Pitcher,"$510,500 "
Cam Bedrosian,Los Angeles Angels,Pitcher,"$510,500 "
Mike Wright,Baltimore Orioles,Pitcher,"$510,500 "
Tyler Collins,Detroit Tigers,Outfielder,"$510,500 "
Colin Rea,San Diego Padres,Pitcher,"$510,200 "
Matt Duffy,Houston Astros,Third baseman,"$510,200 "
Ryan Rua,Texas Rangers,Outfielder,"$510,120 "
Aaron Brooks,Chicago Cubs,Pitcher,"$510,000 "
Adam Duvall,Cincinnati Reds,First baseman,"$510,000 "
Ariel Pena,Milwaukee Brewers,Pitcher,"$510,000 "
Chris Bassitt,Oakland Athletics,Pitcher,"$510,000 "
Corey Seager,Los Angeles Dodgers,Shortstop,"$510,000 "
Elias Diaz,Pittsburgh Pirates,Catcher,"$510,000 "
Enny Romero,Tampa Bay Rays,Pitcher,"$510,000 "
Frankie Montas,Los Angeles Dodgers,Pitcher,"$510,000 "
R.J. Alvarez,Oakland Athletics,Pitcher,"$510,000 "
Thomas Pham,St. Louis Cardinals,Outfielder,"$510,000 "
Mason Williams,New York Yankees,Outfielder,"$509,700 "
Sean Nolin,Milwaukee Brewers,Pitcher,"$509,700 "
Caleb Cotham,Cincinnati Reds,Pitcher,"$509,675 "
Jon Edwards,San Diego Padres,Pitcher,"$509,600 "
Buck Farmer,Detroit Tigers,Pitcher,"$509,500 "
Cristhian Adames,Colorado Rockies,Shortstop,"$509,500 "
Drew VerHagen,Detroit Tigers,Pitcher,"$509,500 "
Jairo Diaz,Colorado Rockies,Pitcher,"$509,500 "
Jon Gray,Colorado Rockies,Pitcher,"$509,500 "
Justin Miller,Colorado Rockies,Pitcher,"$509,500 "
Kyle Ryan,Detroit Tigers,Pitcher,"$509,500 "
Miguel Castro,Colorado Rockies,Pitcher,"$509,500 "
Noe Ramirez,Boston Red Sox,Pitcher,"$509,500 "
Phil Klein,Texas Rangers,Pitcher,"$509,500 "
Tyler Anderson,Colorado Rockies,Pitcher,"$509,500 "
Tyler Matzek,Colorado Rockies,Pitcher,"$509,500 "
Silvino Bracho,Arizona Diamondbacks,Pitcher,"$509,300 "
Yhonathan Barrios,Milwaukee Brewers,Pitcher,"$509,200 "
Mitch Harris,St. Louis Cardinals,Pitcher,"$509,000 "
Brandon Drury,Arizona Diamondbacks,Third baseman,"$508,900 "
Ramon Flores,Milwaukee Brewers,Outfielder,"$508,800 "
Adonis Garcia,Atlanta Braves,Third baseman,"$508,750 "
Ronald Torreyes,New York Yankees,Shortstop,"$508,600 "
Yadiel Rivera,Milwaukee Brewers,Shortstop,"$508,600 "
Andrew Faulkner,Texas Rangers,Pitcher,"$508,500 "
Angel Nesbitt,Detroit Tigers,Pitcher,"$508,500 "
Dallas Beeler,Chicago Cubs,Pitcher,"$508,500 "
Dan Winkler,Atlanta Braves,Pitcher,"$508,500 "
Keon Broxton,Milwaukee Brewers,Outfielder,"$508,500 "
Luke Jackson,Texas Rangers,Pitcher,"$508,500 "
Raudel Lazo,Miami Marlins,Pitcher,"$508,500 "
Rymer Liriano,Milwaukee Brewers,Outfielder,"$508,500 "
Socrates Brito,Arizona Diamondbacks,Outfielder,"$508,500 "
Terrance Gore,Kansas City Royals,Outfielder,"$508,500 "
Trevor Brown,San Francisco Giants,Catcher,"$508,500 "
Reymond Fuentes,Kansas City Royals,Outfielder,"$508,450 "
Max Stassi,Houston Astros,Catcher,"$508,200 "
Michael Feliz,Houston Astros,Pitcher,"$508,200 "
Jon Moscot,Cincinnati Reds,Pitcher,"$508,000 "
Kyle Skipworth,Cincinnati Reds,Catcher,"$508,000 "
Shae Simmons,Atlanta Braves,Pitcher,"$508,000 "
Tyler Holt,Cincinnati Reds,Outfielder,"$508,000 "
Edwin Jackson,Miami Marlins,Pitcher,"$507,500 "
Cedric Hunter,Philadelphia Phillies,Outfielder,"$507,500 "
Christian Villanueva,Chicago Cubs,Third baseman,"$507,500 "
Colin Walsh,Milwaukee Brewers,Second baseman,"$507,500 "
Daniel Stumpf,Philadelphia Phillies,Pitcher,"$507,500 "
Dellin Betances,New York Yankees,Pitcher,"$507,500 "
Drew Stubbs,Atlanta Braves,Outfielder,"$507,500 "
Greg Garcia,St. Louis Cardinals,Second baseman,"$507,500 "
Jake Barrett,Arizona Diamondbacks,Pitcher,"$507,500 "
Jake Cave,Cincinnati Reds,Outfielder,"$507,500 "
Jarrod Saltalamacchia,Detroit Tigers,Catcher,"$507,500 "
Jeff Ferrell,Detroit Tigers,Pitcher,"$507,500 "
Jeremy Hazelbaker,St. Louis Cardinals,Outfielder,"$507,500 "
Jesse Biddle,Atlanta Braves,Pitcher,"$507,500 "
Joe Biagini,Toronto Blue Jays,Pitcher,"$507,500 "
Joey Rickard,Baltimore Orioles,Outfielder,"$507,500 "
John Barbato,New York Yankees,Pitcher,"$507,500 "
John Gant,Atlanta Braves,Pitcher,"$507,500 "
John Lamb,Cincinnati Reds,Pitcher,"$507,500 "
Jose A. Ramirez,Atlanta Braves,Pitcher,"$507,500 "
Jose Alvarez,Los Angeles Angels,Pitcher,"$507,500 "
Keyvius Sampson,Cincinnati Reds,Pitcher,"$507,500 "
Luis Cessa,New York Yankees,Outfielder,"$507,500 "
Luis Perdomo,San Diego Padres,Pitcher,"$507,500 "
Manny Banuelos,Atlanta Braves,Pitcher,"$507,500 "
Matt Bowman,St. Louis Cardinals,Pitcher,"$507,500 "
Ross Stripling,Los Angeles Dodgers,Pitcher,"$507,500 "
Ryan Dull,Oakland Athletics,Pitcher,"$507,500 "
Scott Schebler,Cincinnati Reds,Outfielder,"$507,500 "
Tony Wolters,Colorado Rockies,Catcher,"$507,500 "
Trevor Story,Colorado Rockies,Shortstop,"$507,500 "
Tyler Goeddel,Philadelphia Phillies,Outfielder,"$507,500 "
Tyler Naquin,Cleveland Indians,Outfielder,"$507,500 "
Tyler White,Houston Astros,First baseman,"$507,500 "
Yorman Rodriguez,Cincinnati Reds,Outfielder,"$507,500 "
Zach Jones,Milwaukee Brewers,Pitcher,"$507,500 "
